title,video_id,views,likes,comment_count,published_at,data,hora
"Live Itaú - Tendências, Novidades e Recomendações de Investimentos",Nbr4R_IpbUc,163796,1463,102,2018-06-20 23:58:16+00:00,2018-06-20,23:58:16
"Propostas para o recomeço, com Rodrigo Maia (Presidente da Câmara) e Mario Mesquita",BlA49kGzV_M,21011,395,113,2020-04-03 13:41:15+00:00,2020-04-03,13:41:15
Coletiva Itaú Unibanco - Todos pela Saúde,baU-vo7KWbw,111380,1939,0,2020-04-13 14:52:39+00:00,2020-04-13,14:52:39
Como Cuidar da Saúde do Seu Negócio em Cenários Complexos,vbs3xvBcWCY,28469,400,24,2020-05-18 22:49:14+00:00,2020-05-18,22:49:14
Seguros Itaú - Como enviar os documentos para análise de sinistro pelo site?,gvHdlSsAy0o,390466,2703,0,2020-07-03 18:15:54+00:00,2020-07-03,18:15:54
Tutorial II | Entenda a mecânica do iPhone pra Sempre,bm26FIFGXME,49036,505,101,2020-08-18 23:47:04+00:00,2020-08-18,23:47:04
Tutorial I | Conheça o iPhone pra Sempre,SFJYK6HH450,25786,228,46,2020-08-18 23:47:08+00:00,2020-08-18,23:47:08
Tutorial III | Como contratar o iPhone pra Sempre,AIouhzrPCN4,38913,380,59,2020-08-18 23:47:11+00:00,2020-08-18,23:47:11
Itaú Seguros: como acessar todos os documentos pelo site?,Iqyxce22FDc,75127,577,0,2020-11-09 19:29:43+00:00,2020-11-09,19:29:43
Acesse as informações do seu seguro no app Itaú.,blmjW59QoWM,70883,650,0,2020-11-23 21:55:23+00:00,2020-11-23,21:55:23
Itaú Day 2021,r5vRHy39Iz0,216324,3100,70,2021-06-02 15:13:52+00:00,2021-06-02,15:13:52
Itaú Day 2021 | English version,_zoo457b8qQ,11808,78,3,2021-06-03 20:11:30+00:00,2021-06-03,20:11:30
Carreiras que estão construindo o novo banco do varejo,1O6C19weDiY,36060,837,57,2021-06-24 22:49:21+00:00,2021-06-24,22:49:21
O que você precisa saber sobre Consórcio | Mitos e verdades,QoBhfTjKiX8,1243191,648,23,2021-06-29 14:08:13+00:00,2021-06-29,14:08:13
O que você precisa saber sobre Consórcio | Como contratar,HOUQSSD8yDw,23183,215,17,2021-06-29 17:03:47+00:00,2021-06-29,17:03:47
O que você precisa saber sobre Consórcio| Resultado dos sorteios e lances,I-JrHpkwfQI,44238,618,59,2021-06-29 17:06:56+00:00,2021-06-29,17:06:56
O que você precisa saber sobre Consórcio | Como antecipar seu sonho,g2ykTYCH6sI,64343,768,37,2021-06-29 17:10:05+00:00,2021-06-29,17:10:05
"O que você precisa saber sobre Consórcio| Os planos mudaram, e agora?",kicRqCQZdnY,35007,328,7,2021-06-29 17:59:11+00:00,2021-06-29,17:59:11
O que você precisa saber sobre Consórcio | Alegria de ser contemplado,B44ITXmEolQ,37239,384,24,2021-06-29 18:09:57+00:00,2021-06-29,18:09:57
O que você precisa saber sobre Consórcio | Planejando o futuro,4GUrMJeeFwY,1069433,555,23,2021-06-30 18:21:05+00:00,2021-06-30,18:21:05
O que você precisa saber sobre Consórcio | Faturamento sem mistério,z6nrAmV8y60,28947,293,19,2021-06-30 18:34:23+00:00,2021-06-30,18:34:23
Itaú. Feito com Você,TzqM4nfmp4k,7420943,829,17,2021-06-30 23:01:53+00:00,2021-06-30,23:01:53
Itaú. Feito com você,4WUihrsYTR0,2062837,236,3,2021-08-19 12:13:59+00:00,2021-08-19,12:13:59
Sinistro ou Assistência? A gente descomplica pra você,Coz8eHzWRwI,35046,295,6,2021-09-21 19:19:41+00:00,2021-09-21,19:19:41
Seguro Auto - Chega de passar sufoco,sq7YA1R9LmU,41405,332,0,2021-10-22 12:16:08+00:00,2021-10-22,12:16:08
Seguro Residencial - Você sabe pra que serve?,Wz8qCwP_zcY,39021,304,0,2021-10-22 12:18:27+00:00,2021-10-22,12:18:27
Você sabe pra que serve o Seguro Prestamista?,cAYhRmnj0GM,23288,184,0,2021-12-16 17:32:08+00:00,2021-12-16,17:32:08
Seguro Prestamista: feito com Rodrigo,_xbzdr7lUQc,4123,54,0,2021-12-22 12:21:46+00:00,2021-12-22,12:21:46
Seguros do Itaú: feito com você,SBndo0MkGyk,6495,61,0,2021-12-22 20:48:25+00:00,2021-12-22,20:48:25
"Em 2022 celebre o agora e conte com os seguros do Itaú, sempre",m7w7g_mJkt0,45226,436,0,2021-12-23 21:49:33+00:00,2021-12-23,21:49:33
Seguros do Itaú: Autorização de Débito Pessoa Jurídica,-jmOF2gNT_w,10341,112,0,2022-01-26 15:09:33+00:00,2022-01-26,15:09:33
Amor à segunda vista é com o Celso. Mas pode ser com você também.,LFiknmfVZW8,2234354,122,6,2022-02-14 21:07:02+00:00,2022-02-14,21:07:02
Amor à segunda vista existe? A Karen responde.,eq-o93yIL5w,7071393,158,19,2022-02-14 21:21:57+00:00,2022-02-14,21:21:57
Amor à segunda vista? Conheça a história da Danielle.,u_3fXgdsKu8,5478136,191,17,2022-02-14 21:29:43+00:00,2022-02-14,21:29:43
Itaú e DO'r: uma parceria de gigantes,eLKXY_ucXWE,6238,92,0,2022-02-24 20:51:06+00:00,2022-02-24,20:51:06
Seguro de vida on demand? No Itaú tem!,5SQqZ8r1B7U,13997,150,0,2022-03-07 18:42:28+00:00,2022-03-07,18:42:28
Seguro de vida descomplicado pra aproveitar o que importa,YlY0FIiTwWU,8347,97,0,2022-03-07 18:44:18+00:00,2022-03-07,18:44:18
SAC Consórcio Itaú: como funciona?,utgMtNH0MhA,4679361,636,30,2022-03-15 13:05:36+00:00,2022-03-15,13:05:36
Consórcio Itaú: é pra PF ou PJ?,8VPBPq5huUI,271907,142,5,2022-03-15 13:05:42+00:00,2022-03-15,13:05:42
SAC Consórcio Itaú: como se planejar financeiramente?,ha6g79pIIn4,517538,139,7,2022-03-15 13:05:46+00:00,2022-03-15,13:05:46
SAC Consórcio Itaú: é um produto de sorte?,8SZJwQbmSJM,365107,100,2,2022-03-15 13:05:54+00:00,2022-03-15,13:05:54
SAC Consórcio Itaú: preciso ter conta Itaú?,HcIG8INABmk,651965,84,2,2022-03-15 13:05:58+00:00,2022-03-15,13:05:58
SAC Consórcio Itaú: quais bens você pode adquirir?,55_k5QjqP2U,4201020,127,8,2022-03-15 13:06:06+00:00,2022-03-15,13:06:06
SAC Consórcio Itaú: por onde dá pra comprar?,mSND8hQg9Bw,10997270,86,1,2022-03-15 13:06:09+00:00,2022-03-15,13:06:09
SAC Consórcio Itaú: por onde posso acompanhar?,D73z_k1YwUs,3729119,97,4,2022-03-15 13:06:12+00:00,2022-03-15,13:06:12
SAC Consórcio Itaú: como sei os valores das parcelas?,ujnob_uDXdo,898379,128,12,2022-03-15 13:06:14+00:00,2022-03-15,13:06:14
Habilitando débito automático do seu seguro,fT_POMdcguE,11104,97,0,2022-03-18 14:22:58+00:00,2022-03-18,14:22:58
FGTS I Tudo que você precisa saber sobre o Crédito Imobiliário Itaú,VGNSt5jxfBU,13503,196,16,2022-04-02 01:03:04+00:00,2022-04-02,01:03:04
O imóvel precisa estar quitado? Preciso ir ao cartório? Alienação Fiduciária?,XhLBpzyDXG8,4599,42,2,2022-04-02 01:03:20+00:00,2022-04-02,01:03:20
Quais documentos são necessários para contratar o Empréstimo com Garantia de Imóvel Itaú?,HTBWQND_n-g,5329,54,0,2022-04-02 01:03:35+00:00,2022-04-02,01:03:35
Portabilidade I Tudo que você precisa saber sobre o Crédito Imobiliário Itaú,Kqmu46XhuTQ,8901,71,9,2022-04-02 01:04:13+00:00,2022-04-02,01:04:13
Todo empréstimo é ruim? Posso perder o imóvel? Mitos e Fatos do Empréstimo Garantia de Imóvel Itaú,nHjeLAafgqQ,6002,83,4,2022-04-02 01:04:16+00:00,2022-04-02,01:04:16
Contratação e Documentação I Tudo que você precisa saber sobre o Crédito Imobiliário Itaú,bK5L6DJ09IU,17973,196,7,2022-04-02 01:04:23+00:00,2022-04-02,01:04:23
Seguros e Pula Parcela I Tudo que você precisa saber sobre o Crédito Imobiliário Itaú,E4_DqRqXxNg,16810,194,18,2022-04-02 01:04:27+00:00,2022-04-02,01:04:27
Como contratar o Empréstimo com Garantia de Imóvel Itaú? Confira o passo a passo.,N6N6rJKHMTQ,6370,65,0,2022-04-02 01:04:36+00:00,2022-04-02,01:04:36
Como usar o dinheiro do Empréstimo com Garantia de Imóvel? O imóvel pode estar em nome de terceiro?,YIf7TOLQJ_Q,10760,113,2,2022-04-02 01:04:40+00:00,2022-04-02,01:04:40
O que é e Como funciona o Empréstimo com Garantia de Imóvel do Itaú!,6xxc36xxQpE,14137,159,7,2022-04-02 01:04:44+00:00,2022-04-02,01:04:44
SAC Consórcio Itaú: quais as estratégias para dar lances?,BT0Ipdbx_e0,1361281,162,8,2022-04-12 20:44:34+00:00,2022-04-12,20:44:34
Itaú. Feito com você,3wXbO8NKMNw,10094782,1316,97,2022-04-27 23:23:25+00:00,2022-04-27,23:23:25
Itaú. Feito com você | #ConteúdoAcessível,pYpJng-ts8w,40870,303,37,2022-04-29 20:31:35+00:00,2022-04-29,20:31:35
Itau Data Science Meetup #1 Método de Análise de Complexidade de Conjuntos de Dados,u9Z-8zRXou0,169693,559,0,2022-05-04 20:17:53+00:00,2022-05-04,20:17:53
ITUB4 - Resultados 1T22 - Itaú Unibanco (PT-BR),Joz8AHh6rhM,9961,208,2,2022-05-09 14:51:23+00:00,2022-05-09,14:51:23
ITUB4 - 1Q22 Results - Itaú Unibanco (ENG),vpexwQxjIsY,9192,85,2,2022-05-09 14:51:58+00:00,2022-05-09,14:51:58
Itaú Unibanco | Resultados Financeiros 1T22,aPR9CmsqChQ,8010,110,7,2022-05-09 20:50:14+00:00,2022-05-09,20:50:14
ITUB4 - 1Q22 Results - Itaú Unibanco,XCgGqWScbzE,4147,54,1,2022-05-11 18:36:44+00:00,2022-05-11,18:36:44
Feito com PodPah + Bruno PlayHard | #1,ZN-W1ZPoq6I,10088,839,44,2022-05-24 21:45:04+00:00,2022-05-24,21:45:04
Itau Data Science Meetup #2 Abordagens Multidisciplinares Ciência de Dados  Modelagem Computacional,6N-Oa4IFVlQ,95279,409,0,2022-06-02 13:17:57+00:00,2022-06-02,13:17:57
Itau Data Science Meetup #3 Atribuição autoral de textos digitais,9TV0VBxnXeQ,34223,170,0,2022-06-02 13:34:50+00:00,2022-06-02,13:34:50
Itau Data Science Meetup #4 Biometria de voz com D Vectors,NTrSxgwp8-o,22412,118,0,2022-06-02 13:57:42+00:00,2022-06-02,13:57:42
Itau Data Science Meetup #5 Criando um grafo da literatura ocidental com Deep Learning,KuBlokDuUI4,16159,59,0,2022-06-02 14:07:09+00:00,2022-06-02,14:07:09
Itau Data Science Meetup #6 Quantum Machine Learning e o classificador variacional quântico,2XOfnq4niwQ,17463,146,0,2022-06-02 14:25:25+00:00,2022-06-02,14:25:25
Itau Data Science Meetup #7 Melhoria da qualidade da voz usando Redes Neurais,ezXNx3TnKc0,11159,52,0,2022-06-02 14:45:29+00:00,2022-06-02,14:45:29
Itau Data Science Meetup #8 Construindo modelos dinâmicos a partir de séries temporais,z5EXdZy-dCM,19353,83,0,2022-06-02 16:08:54+00:00,2022-06-02,16:08:54
Itaú. Feito com você,tlJyPUIX69Q,27259586,3390,48,2022-06-05 23:37:14+00:00,2022-06-05,23:37:14
Itaú. Feito com você | #ConteúdoAcessível,nzfLEAl9tFg,30157,131,10,2022-06-08 13:26:06+00:00,2022-06-08,13:26:06
Coisas Que Aprendi Com 23 Anos | Feito com @MoriMura,l1ionJKsmzA,9852,541,70,2022-06-10 22:21:54+00:00,2022-06-10,22:21:54
Itaú Cartões - Pague com o cartão Itaú no celular,JoxhWAh3Ql8,6520923,3758,35,2022-06-16 18:57:17+00:00,2022-06-16,18:57:17
Itaú. Feito com você,HyoER7BCq6g,8225725,447,16,2022-06-21 00:21:28+00:00,2022-06-21,00:21:28
Fazendo as contas - Parte 2 I Tudo que você precisa saber sobre o Crédito Imobiliário Itaú,8dJxG7-GWD8,7743,102,13,2022-06-21 16:25:29+00:00,2022-06-21,16:25:29
Tudo que você precisa saber sobre o Crédito Imobiliário Itaú I Parte 1,sDbsAy8fe2Y,23664,262,7,2022-06-21 16:33:37+00:00,2022-06-21,16:33:37
Itaú Cartões – Compras online com o cartão virtual Itaú no celular,tlHHhHKCom0,10519327,1629,20,2022-06-21 21:22:19+00:00,2022-06-21,21:22:19
Pagamento por aproximação com cartão Itaú no celular,8nm93q7SK0w,88330,514,33,2022-07-04 19:50:03+00:00,2022-07-04,19:50:03
Pagamento via débito online,lh-XFZE-kKI,6362,79,2,2022-07-05 19:11:59+00:00,2022-07-05,19:11:59
Pagamento com cartão virtual Itaú,zQMtY4iQMa4,59744,350,31,2022-07-05 19:13:38+00:00,2022-07-05,19:13:38
Itaú. Feito com você,2omCN8c3O18,47382,363,32,2022-07-06 21:21:14+00:00,2022-07-06,21:21:14
Fazendo as contas - Parte 1 I Tudo que você precisa saber sobre o Crédito Imobiliário Itaú,X0IcP6aIKeI,12421,138,5,2022-07-06 22:03:59+00:00,2022-07-06,22:03:59
Itaú. Feito com você | #ConteúdoAcessível,swhEGGhDm2g,17163,113,11,2022-07-07 14:11:44+00:00,2022-07-07,14:11:44
Carreiras no Varejo - Manifesto,2PLrfF6-iPI,3736,52,5,2022-07-20 17:41:12+00:00,2022-07-20,17:41:12
Carreiras do Varejo - Agência Laranja,GfM1SMusp9g,12133,113,4,2022-07-20 17:49:39+00:00,2022-07-20,17:49:39
Carreiras do Varejo - Personnalité,PKpYgicpGkM,7475,108,7,2022-07-20 18:04:09+00:00,2022-07-20,18:04:09
Carreiras do Varejo - Itaú Empresas,gi_IgJFh7ks,4808,52,2,2022-07-20 18:15:59+00:00,2022-07-20,18:15:59
Carreiras no Varejo - Rede,aPg5Oumc0NQ,3285,43,2,2022-07-20 18:46:31+00:00,2022-07-20,18:46:31
Carreiras do Varejo - Seguros,-gWfHl8AAmo,6178,63,3,2022-07-20 23:28:40+00:00,2022-07-20,23:28:40
Carreiras do Varejo - Designers,yZQ_--tn4cE,7240,102,5,2022-07-28 12:23:16+00:00,2022-07-28,12:23:16
Pagamento com a via digital do seu cartão Itaú.,HgCQ4yoen-0,6920,78,5,2022-07-29 17:55:44+00:00,2022-07-29,17:55:44
Itau Data Science Meetup #9 Introdução ao Aprendizado por Reforço,zerTbKzNq1o,12474,97,0,2022-07-29 19:58:27+00:00,2022-07-29,19:58:27
Carreiras do Varejo - Produtos,PGi1RuIPkAk,15854,175,9,2022-08-01 12:50:54+00:00,2022-08-01,12:50:54
Um dia de Trainee no Itaú | #FeitoCom Lorraine,Gd6O_UAZAhg,7000,190,14,2022-08-04 18:40:48+00:00,2022-08-04,18:40:48
Pague pelo WhatsApp com seu cartão Itaú.,L8Zi0EBg4RE,6100,119,2,2022-08-08 13:42:28+00:00,2022-08-08,13:42:28
Itaú Unibanco | Resultados Financeiros 2T22,Jv0phQq8q2E,9900,174,11,2022-08-08 21:20:46+00:00,2022-08-08,21:20:46
Itaú Unibanco's Financial Results 2Q2022,der7aPtF4LE,6486,116,2,2022-08-08 21:29:43+00:00,2022-08-08,21:29:43
ITUB4 - 2Q22 Results - Itaú Unibanco,hhyXCNZVe1E,2536,44,0,2022-08-09 14:58:44+00:00,2022-08-09,14:58:44
ITUB4 - Resultados 2T22 - Itaú Unibanco,qMU4xcTvznk,12696,213,4,2022-08-09 14:59:26+00:00,2022-08-09,14:59:26
Como funciona o Pula Parcela Itaú? As parcelas podem aumentar ou a taxa é fixa? SAC ou PRICE?,4tGlj9134uI,13792,175,11,2022-08-16 18:20:51+00:00,2022-08-16,18:20:51
Empréstimo com Garantia de Imóvel vale a pena? Por que ele é melhor que outros empréstimos?,EaKAVqHJKVA,6204,104,6,2022-08-16 18:26:55+00:00,2022-08-16,18:26:55
Itaú e você contra golpes e fraudes | Golpe da Troca do Cartão,t4FsNNLOASc,5284599,3002,97,2022-08-17 13:39:55+00:00,2022-08-17,13:39:55
Itaú e você contra golpes e fraudes | Como se proteger do Golpe da troca de cartão,sUeBXQpDWC4,644619,5405,81,2022-08-19 20:37:56+00:00,2022-08-19,20:37:56
Itaú e você contra golpes e fraudes | Golpe da Falsa Central,b3WmNcLFlDE,9748516,427,17,2022-08-22 14:00:05+00:00,2022-08-22,14:00:05
Itaú e você contra golpes e fraudes | Golpe da troca de cartão #ConteúdoAcessível,--eMRCIPTgE,25885,221,17,2022-08-22 18:18:01+00:00,2022-08-22,18:18:01
Itaú e você contra golpes e fraudes | Golpe da Falsa Central #ConteúdoAcessível,cDtwlCVV8eo,33289,301,16,2022-08-22 18:47:54+00:00,2022-08-22,18:47:54
Como transferir com Pix usando só um dado?,EhG3HlKElq8,31177,948,40,2022-08-22 21:31:04+00:00,2022-08-22,21:31:04
Itaú e você contra golpes e fraudes | Como se proteger do Golpe da falsa central,A6Gsg_VHgnY,132057,1568,50,2022-08-23 18:12:24+00:00,2022-08-23,18:12:24
Itaú e você contra golpes e fraudes | Golpe da falsa central,Ga1pNsL4Cmw,87332,157,5,2022-08-24 17:33:22+00:00,2022-08-24,17:33:22
Itaú e você contra golpes e fraudes | Golpe no WhatsApp,bA1q2CfcnJQ,5898819,4967,118,2022-08-25 20:13:22+00:00,2022-08-25,20:13:22
Itaú e você contra golpes e fraudes  | Como se proteger do Golpe no WhatsApp,vs27aeCECXc,322880,1712,55,2022-08-25 20:15:10+00:00,2022-08-25,20:15:10
Programa Trainee 2023 | Otávio,ljzplwxiHUA,1376,36,4,2022-08-29 13:40:16+00:00,2022-08-29,13:40:16
Itaú Unibanco | Relatório Anual Integrado e Relatório ESG 2021,CX1JdGaTlhw,5104,89,3,2022-08-29 14:16:53+00:00,2022-08-29,14:16:53
Itaú. O palco é todo seu.,BXdRo9fCL-I,327141,752,101,2022-08-31 13:03:44+00:00,2022-08-31,13:03:44
Itaú Day 2022,MtBcMZwvqig,55930,994,30,2022-09-01 15:14:25+00:00,2022-09-01,15:14:25
Itaú Data Science Meetup #10 Construindo uma plataforma de MLOps no Itaú,RQF_nFxIDVU,9348,117,0,2022-09-01 17:23:25+00:00,2022-09-01,17:23:25
Itaú e você contra golpes e fraudes | Golpe no WhatsApp | #ConteúdoAcessível,UJ_taW7sWkU,26566,184,7,2022-09-06 00:23:32+00:00,2022-09-06,00:23:32
Leon e Nil reagem a propaganda sobre o Golpe no WhatsApp  | Feito com @coisadenerd,6wZ1jtihEnA,100869,1358,58,2022-09-08 21:32:39+00:00,2022-09-08,21:32:39
Itaú Day 2022 – English version,L1U3e6EcYaM,2574,24,0,2022-09-09 13:31:02+00:00,2022-09-09,13:31:02
Como transferir com Pix usando agência e conta?,ZLBZCXavlZc,20377,139,9,2022-09-09 18:13:18+00:00,2022-09-09,18:13:18
Rock in Rio | O palco é todo seu,qIlkI7V72Nc,106196,180,7,2022-09-09 20:08:58+00:00,2022-09-09,20:08:58
Crédito Imobiliário Itaú Personnalité é digital. Sua casa nova em poucos cliques.,B0Fj_PBaHPA,882147,195,9,2022-09-09 20:32:21+00:00,2022-09-09,20:32:21
Crédito Imobiliário Itaú. Sua casa nova em poucos cliques pelo celular.,xwauV1GwbnI,40526237,1987,70,2022-09-09 20:33:19+00:00,2022-09-09,20:33:19
Itaú. O palco é todo seu.,dYc0ZQIW4uE,340624,117,6,2022-09-09 20:51:29+00:00,2022-09-09,20:51:29
Itaú em Goiânia,cEYDJ5TP4oo,14775,139,3,2022-09-09 21:35:36+00:00,2022-09-09,21:35:36
Juliette confirmada na Arena Itaú no Rock in Rio,xIxAXLf5QJg,4057,52,0,2022-09-10 00:34:22+00:00,2022-09-10,00:34:22
Juliette na Arena Itaú #OPalcoÉTodoSeu,MyGnks4nhwo,2554,26,0,2022-09-10 00:38:48+00:00,2022-09-10,00:38:48
Itaú Unibanco's Financial Results | 4Q2021,os5gl8J21Jc,8988,119,5,2022-09-12 20:41:42+00:00,2022-09-12,20:41:42
ITUB4 - 1Q22 Results - Itaú Unibanco (ENG),0NjrgA_SuPo,1683,12,0,2022-09-12 20:42:22+00:00,2022-09-12,20:42:22
Itaú Unibanco's 3Q2021 Financial Results,v7VxnQmGaXE,7109,91,1,2022-09-12 20:42:35+00:00,2022-09-12,20:42:35
Itaú + Podpah :: Pedro Sampaio,vVYAGVOEWTM,1330,27,0,2022-09-13 21:06:51+00:00,2022-09-13,21:06:51
"Meu Pet Seguro - um dia de descontração, afeto e cuidado",7gxK1aNPp9g,16181,150,0,2022-09-14 18:49:02+00:00,2022-09-14,18:49:02
Itaú Day 2022 – English version,pSbLQ5FHr3Y,5073,37,0,2022-09-16 15:36:17+00:00,2022-09-16,15:36:17
Apartamento novo? Com o Consórcio Itaú tem como!,w3ASq3E8hmQ,16685784,339,18,2022-09-16 19:09:11+00:00,2022-09-16,19:09:11
Vem conhecer as experiências e a jornada dos nossos itubers com deficiência,TgMijqaVTqs,3751,121,5,2022-09-21 21:47:58+00:00,2022-09-21,21:47:58
Carro novo? Com o Consórcio Itaú tem como!,BgYh4c_Xm_4,1747999,367,6,2022-09-22 12:41:31+00:00,2022-09-22,12:41:31
República Nóis que Voa | Ep 01: Renda extra | Feito com @RafaellaTuma,YGFjbPioSz4,28879,292,17,2022-09-22 21:24:01+00:00,2022-09-22,21:24:01
"PIC Itaú - Sorte grande, pagando um valor pequenininho",yvZ3OidQ-BU,12880,131,0,2022-09-22 21:50:36+00:00,2022-09-22,21:50:36
Seguro de Vida Itaú: Um seguro que fala a sua língua.,_ifa8r7kfAo,8780,107,0,2022-09-28 14:20:48+00:00,2022-09-28,14:20:48
Seguro de Vida Itaú: Aproveite a vida que a gente te dá cobertura,2VL9hjkVr7M,27678,265,0,2022-09-28 14:22:58+00:00,2022-09-28,14:22:58
Itaú Data Science Meetup #11 Como customizar e produtizar modelos SOTA de NLP da Huggingface na AWS,QZbdehhHA0s,16623,88,0,2022-09-28 15:21:40+00:00,2022-09-28,15:21:40
Mudando o Game Ep 01 - Mudando o mercado com Babi e Loud,xqTNxbLNJ2s,2341,59,11,2022-09-29 20:38:08+00:00,2022-09-29,20:38:08
Isso muda o mercado gamer,mLnzjK3Vhzs,1666,46,3,2022-09-29 20:38:36+00:00,2022-09-29,20:38:36
Mudando o Game Ep 02 - Mudando a comunidade com Flakes e Hero Base,y-VokRyLgRM,2194,35,2,2022-09-30 22:28:07+00:00,2022-09-30,22:28:07
Isso muda a comunidade gamer,Qtm5yfOhVy0,1529,40,2,2022-09-30 22:28:29+00:00,2022-09-30,22:28:29
Itaú. Feito com você,qB8cdZfhmec,2792396,326,19,2022-10-03 22:52:02+00:00,2022-10-03,22:52:02
Isso muda o cenário indie,1ROcIsKsFBo,928,14,1,2022-10-06 19:11:22+00:00,2022-10-06,19:11:22
Mudando o Game EP 03 - Mudando o cenário indie com Pedro Caxa,uI9CedP62lQ,1955,33,4,2022-10-06 19:11:29+00:00,2022-10-06,19:11:29
Rock in Rio #TBT | Dia 02/09,1VwaORacXpA,5740,198,0,2022-10-06 22:39:03+00:00,2022-10-06,22:39:03
Rock in Rio #TBT | Podpah entrevista Dead Fish | Dia 02/09,p6hVY9mvXpA,5911,23,5,2022-10-06 22:46:34+00:00,2022-10-06,22:46:34
Itaú. Feito com você #ConteúdoAcessível,E8F7iU6oy0A,23090,94,2,2022-10-07 18:34:36+00:00,2022-10-07,18:34:36
Isso muda a cena,f7fpgvY7BCA,1527,16,2,2022-10-07 20:37:18+00:00,2022-10-07,20:37:18
Mudando o Game EP 04 - Mudando a Cena com Pan e MIBR,tc4OC2u6jSg,2633,43,6,2022-10-07 20:37:53+00:00,2022-10-07,20:37:53
Mudando o Game EP 05 - Mudando o futuro com Marcus Vinícius e Taça das Favelas,mnzAK7m3olM,2152,33,1,2022-10-10 21:32:29+00:00,2022-10-10,21:32:29
Isso muda o futuro,QCrtLdgGvY4,2273,42,3,2022-10-10 21:48:26+00:00,2022-10-10,21:48:26
República Nóis que Voa | Ep 02: Aprendendo a poupar | Feito com @RafaellaTuma,SZQ-P7jiK6A,35007,254,18,2022-10-10 22:18:01+00:00,2022-10-10,22:18:01
Rock in Rio #TBT | Podpah entrevista Pedro Sampaio | Dia 03/09,d5W722QJ38A,2927,30,2,2022-10-13 21:21:24+00:00,2022-10-13,21:21:24
Rock in Rio #TBT | Dia 03/09,B4SLARjnbBM,8350,239,2,2022-10-13 21:23:26+00:00,2022-10-13,21:23:26
A Taça das Favelas está de volta,Z8h-fvptGlg,5082,250,2,2022-10-14 20:57:52+00:00,2022-10-14,20:57:52
A Taça das Favelas está de volta!,ihp29qt-GDo,12645,107,4,2022-10-14 22:39:06+00:00,2022-10-14,22:39:06
Making Of - Taça das Favelas,zuR_ycIDcmk,3221,139,0,2022-10-17 18:29:18+00:00,2022-10-17,18:29:18
República Nóis que Voa | Ep 03: Usando bem o cartão de crédito | Feito com @RafaellaTuma,pWNTLeBy2Vc,19620,123,8,2022-10-20 21:20:49+00:00,2022-10-20,21:20:49
Rock in Rio #TBT | Podpah entrevista João Gomes | Dia 04/09,ufFqZX36OFs,18411,71,2,2022-10-20 21:43:14+00:00,2022-10-20,21:43:14
Rock in Rio #TBT | Dia 04/09,mPtxin1mJaw,5430,210,1,2022-10-20 21:46:55+00:00,2022-10-20,21:46:55
Microssérie Open Finance Itaú - Episódio 1,lhfMoCwmJJM,8291,122,7,2022-10-21 13:13:19+00:00,2022-10-21,13:13:19
Gaules e Tribo vem para mudar o game no Itaú,45Wqs9Rv9-A,10968,395,3,2022-10-21 21:00:41+00:00,2022-10-21,21:00:41
Gaules e Tribo no Itaú: #IssoMudaOGame,sDKwuasy_1o,19115,143,13,2022-10-21 21:00:50+00:00,2022-10-21,21:00:50
Microssérie Open Finance Itaú - Episódio 2,LEMFNNu_vdo,7122,98,7,2022-10-24 13:35:26+00:00,2022-10-24,13:35:26
Seguro de Vida em Grupo: seus funcionários protegidos e a estabilidade da sua empresa garantida,qb-OGTxTZbw,7531,93,0,2022-10-26 12:48:48+00:00,2022-10-26,12:48:48
Seguro de Vida Global: benefícios para sua empresa e para os seus funcionários,zu7abo8v5e4,8505,112,0,2022-10-26 12:49:07+00:00,2022-10-26,12:49:07
Itaú Shop. É no app. É seguro. É feito com você.,Z0HzH6_6nfY,7994542,1737,105,2022-10-26 12:55:15+00:00,2022-10-26,12:55:15
Itaú Data Science Meetup #12 Data Science as a Product,f3tb85P3D2Y,15444,95,0,2022-10-26 18:34:13+00:00,2022-10-26,18:34:13
Rock in Rio #TBT | Dia 08/09,D9iN-VkjPtw,16479,55,4,2022-10-27 22:53:01+00:00,2022-10-27,22:53:01
Rock in Rio #TBT | Lagum - Show Completo | Dia 08/09,k2oalvuj3VY,34484,98,3,2022-10-27 22:54:16+00:00,2022-10-27,22:54:16
Rock in Rio #TBT | Podpah entrevista Vanessa Lopes | Dia 08/09,PNM2NNEf7WU,25376,107,2,2022-10-27 23:04:18+00:00,2022-10-27,23:04:18
Microssérie Open Finance Itaú - Episódio 3,Rp3t3rLVtzA,6652,56,2,2022-10-28 19:53:33+00:00,2022-10-28,19:53:33
República Nóis que Voa | Ep 04: 3 dicas de como atingir os objetivos | Feito com @RafaellaTuma,4MdqU0ZV7Go,29843,159,1,2022-11-03 21:09:03+00:00,2022-11-03,21:09:03
Rock in Rio #TBT | Dia 09/09,SwZPEdSLv6w,45069,135,7,2022-11-03 21:43:46+00:00,2022-11-03,21:43:46
Rock in Rio #TBT | Podpah entrevista Fresno | Dia 09/09,yOdFquVI32k,9132,23,2,2022-11-03 21:51:06+00:00,2022-11-03,21:51:06
Rock in Rio #TBT | Fresno - Show Completo | Dia 09/09,X5AV7f4oCWo,39919,169,17,2022-11-03 23:29:17+00:00,2022-11-03,23:29:17
Convocação da Torcida Brasileira,MWVDwLMUfUs,92568,671,26,2022-11-07 23:18:35+00:00,2022-11-07,23:18:35
Itaú Unibanco | Resultados Financeiros 3T22,kFK9NIsyqzQ,5400,102,1,2022-11-11 09:05:26+00:00,2022-11-11,09:05:26
ITUB4 - 3Q22 Results - Itaú Unibanco,IktHZUCMk7I,3697,40,0,2022-11-11 14:49:41+00:00,2022-11-11,14:49:41
ITUB4 - Resultados 3T22 - Itaú Unibanco,9gqCiBprMNQ,9221,139,5,2022-11-11 14:50:11+00:00,2022-11-11,14:50:11
Itaú Unibanco | Financial Results 3Q2022,JVBfreuS0mQ,4113,43,2,2022-11-11 18:51:41+00:00,2022-11-11,18:51:41
Open Finance Itaú - Como compartilhar os seus dados?,jnaaytW1rtg,13456,80,6,2022-11-11 22:18:11+00:00,2022-11-11,22:18:11
Mostra Tua Força Brasil 2022 – Teaser Oficial,A856fp4baoM,74985,674,15,2022-11-12 14:45:42+00:00,2022-11-12,14:45:42
"Mostra Tua Força Brasil 2022 - Ludmilla, João Gomes, Kawe e Timbalada",xY8w1zKjBh8,930050,10529,378,2022-11-13 19:49:34+00:00,2022-11-13,19:49:34
Mostra Tua Força Brasil 2022 - Clipe Oficial,HoR5dqa60l4,13924060,24870,788,2022-11-16 23:55:38+00:00,2022-11-16,23:55:38
Poupar pra Render | Temporada 3 | Episódio 1: Saúde financeira e saúde mental,NRYAJWIXRrk,3707,51,0,2022-11-17 13:27:24+00:00,2022-11-17,13:27:24
Poupar pra Render | Temporada 3 | Episódio 2: Gatilhos mentais e financeiros,AH3UQflv2vk,3001,49,3,2022-11-17 13:42:17+00:00,2022-11-17,13:42:17
Poupar pra Render | Temporada 3 | Episódio 3: Uma rede de apoio para os momentos incertos,kKxbINPMiwU,4373,33,1,2022-11-17 13:56:04+00:00,2022-11-17,13:56:04
Poupar pra Render | Temporada 3 | Episódio 4: Autoconhecimento e escolhas conscientes,eFmTU0qgBQE,3331,28,0,2022-11-17 14:02:12+00:00,2022-11-17,14:02:12
Mostra Tua Força Brasil 2022 - FitDance,H7WSJCF9X-0,292198,1932,68,2022-11-18 21:59:07+00:00,2022-11-18,21:59:07
Open Finance: Quer ter mais chances de ter melhores taxas de crédito?,sHzDSTxDvXo,3454,25,2,2022-11-18 23:30:25+00:00,2022-11-18,23:30:25
Open Finance: faça um pagamento no app do Itaú usando saldo de outros bancos.,Aa14XzyJC5A,3394,29,1,2022-11-18 23:30:44+00:00,2022-11-18,23:30:44
Open Finance no Itaú centraliza todas as suas contas ;),6L_HsiO2d20,4170,22,1,2022-11-18 23:31:03+00:00,2022-11-18,23:31:03
O Open Finance no Itaú já começou. Veja como é simples e seguro compartilhar seus dados.,29n9qP0verw,6266,40,3,2022-11-18 23:31:50+00:00,2022-11-18,23:31:50
Open Finance: agora aumentar o limite do seu cartão ficou mais fácil.,_8Oot1Eaje0,4024,26,0,2022-11-18 23:35:25+00:00,2022-11-18,23:35:25
Camisa sem estrelas,uAqterth2Gg,54605,461,16,2022-11-20 16:56:38+00:00,2022-11-20,16:56:38
_dia do cliente | Seguros do Itaú,b0raWudHH44,5393,69,0,2022-11-21 19:41:22+00:00,2022-11-21,19:41:22
Convocação da Torcida Brasileira - #ConteúdoAcessível,XRoWfjId3G8,18457,150,8,2022-11-21 21:44:52+00:00,2022-11-21,21:44:52
Open Finance: Como realizar Pix usando saldo de outros bancos com o app Itaú,bofgAFg99qg,19356,340,14,2022-11-24 17:38:07+00:00,2022-11-24,17:38:07
Itaú Mail Box - Acompanhe as movimentações da sua conta PJ de forma automatizada,VaCWErdHaMI,7755,59,5,2022-11-25 16:00:54+00:00,2022-11-25,16:00:54
"Seguro Auto Fácil Itaú: se cabe no seu bolso, cabe na sua vida",H4PoMUhnQDc,19043,141,0,2022-11-25 22:54:01+00:00,2022-11-25,22:54:01
Mostra Tua Força Brasil 2022 - Letra Oficial,YuGS5VyHv9M,336305,1460,62,2022-11-28 12:56:25+00:00,2022-11-28,12:56:25
Controle de Finanças Squad | Ep 01: De olho nos gastos | Feito com @DennisSabino,5x9J1fcIUak,39820,258,22,2022-11-28 22:21:18+00:00,2022-11-28,22:21:18
Plano de Saúde: o bem-estar de cada colaborador importa,nCqqNEQyuMM,9175,122,0,2022-11-29 20:49:33+00:00,2022-11-29,20:49:33
"Mostra Tua Força Brasil 2022 - Ludmilla, João Gomes, Kawe e Timbalada | #ConteúdoAcessível",3Gz31WzgLjc,43585,227,11,2022-11-29 22:05:53+00:00,2022-11-29,22:05:53
Mostra Tua Força Brasil 2022 - Clipe Oficial #ConteúdoAcessível,gGPBc0a3Mn4,138922,777,39,2022-11-29 22:16:28+00:00,2022-11-29,22:16:28
Itaú Data Science Meetup #13 Introdução aos paradigmas da Programação,XDJ28JZws_I,17535,113,0,2022-12-01 15:00:35+00:00,2022-12-01,15:00:35
Rock in Rio #TBT | Podpah entrevista Rapha Vicente | Dia 10/09,YHSkkySJ1eg,43213,84,9,2022-12-01 21:57:47+00:00,2022-12-01,21:57:47
Rock in Rio #TBT | Dia 10/09,IQJngr6R7jU,9180,276,0,2022-12-01 22:04:21+00:00,2022-12-01,22:04:21
Rock in Rio #TBT | Terno Rei - Show Completo | Dia 10/09,kHcB_sEKQSI,389798,1278,58,2022-12-01 23:49:02+00:00,2022-12-01,23:49:02
Controle de Finanças Squad | Ep 02: Criando uma reserva de emergência | Feito com @DennisSabino,54YEEYJh9wE,53767,183,12,2022-12-05 18:06:53+00:00,2022-12-05,18:06:53
"Quem muda para o iPhone, muda pra sempre.",UO7rAzY92qU,44329,129,4,2022-12-08 13:14:33+00:00,2022-12-08,13:14:33
Garanta sempre um iPhone novinho no iPhone pra Sempre,jb32oOk4mkc,93210,640,119,2022-12-08 13:16:39+00:00,2022-12-08,13:16:39
Lançamento Potências - Programa de Bolsas de Permanência Universitária do Itaú Unibanco,9xOIwSv_hWc,20574,182,5,2022-12-08 20:37:00+00:00,2022-12-08,20:37:00
Rock in Rio #TBT | Dia 11/09,vYqJrpD-ifc,10684,273,1,2022-12-08 23:30:12+00:00,2022-12-08,23:30:12
Rock in Rio #TBT | Juliette - Show Completo | Dia 11/09,R3uJ618HJwI,68015,156,24,2022-12-08 23:31:52+00:00,2022-12-08,23:31:52
Rock in Rio #TBT | Podpah entrevista Boca Rosa | Dia 11/09,IwXUqxGX4UI,12441,43,3,2022-12-08 23:34:53+00:00,2022-12-08,23:34:53
Seguro Auto Fácil Itaú: Os Bastidores da Criação,Y0eovEuMP3w,16556,95,0,2022-12-13 17:13:18+00:00,2022-12-13,17:13:18
Controle de Finanças Squad | Ep 03: Lembrete: não esquecer | Feito com @DennisSabino,RYxJmdcnJtE,68653,170,7,2022-12-14 18:27:11+00:00,2022-12-14,18:27:11
Controle de Finanças Squad | Ep 04: A importância do planejamento | Feito com @DennisSabino,O7neeF-VGB8,64557,196,10,2022-12-14 19:16:37+00:00,2022-12-14,19:16:37
Itaú | Marcação a Mercado,WI4R3my2QAE,18465,302,18,2022-12-16 22:10:51+00:00,2022-12-16,22:10:51
Como instalar o iToken no aplicativo Itaú?,i5ukD68x-D4,97862,583,71,2022-12-22 12:53:27+00:00,2022-12-22,12:53:27
Itau Data Science Meetup #14 Letramento para Comunicação Efetiva com Dados,KixMTYQekrs,26387,156,0,2022-12-22 14:59:35+00:00,2022-12-22,14:59:35
2023 é feito com você.,UCxSq2I4Ets,29170814,35634,2297,2022-12-22 22:50:53+00:00,2022-12-22,22:50:53
2023 é feito com você. (Versão Libras),qR1QwtOS-SE,10480681,2024,154,2022-12-26 17:54:00+00:00,2022-12-26,17:54:00
Programando o Pix: saiba como agendar transferências via Pix,2sCmsNzg1xQ,22683,340,14,2023-01-10 14:05:13+00:00,2023-01-10,14:05:13
Poupar pra Render | Temporada 01 | Episódio 03: Aprenda a evitar o Desperdício Financeiro,FKvJf82QOO0,17850,193,2,2023-01-17 14:36:23+00:00,2023-01-17,14:36:23
Poupar pra Render | Temporada 01 | Episódio 04: É hora de avaliar o seu patrimônio,5loUC4VZjOI,18886,202,12,2023-01-17 14:36:33+00:00,2023-01-17,14:36:33
Poupar pra Render | Temporada 01 | Episódio 02: Saiba como identificar sua situação financeira,igk6G6saPxA,10017,200,6,2023-01-17 14:37:04+00:00,2023-01-17,14:37:04
Poupar pra Render | Temporada 01 | Episódio 01: Como montar o seu orçamento,CaivN0UxhQM,13007,275,10,2023-01-17 14:37:14+00:00,2023-01-17,14:37:14
Poupar pra Render | Temporada 2 | Episódio 1: Investimentos do mercado financeiro,3vOhRRzoA0c,6101,52,3,2023-01-17 14:38:25+00:00,2023-01-17,14:38:25
Poupar pra Render | Temporada 2 | Episódio 2: Opções de investimentos,lCqUMJqX2i8,8834,86,2,2023-01-17 14:41:01+00:00,2023-01-17,14:41:01
Poupar pra Render | Temporada 2 | Episódio 3: Conheça mais sobre o crédito,pOUCmfvXuYk,9454,61,3,2023-01-17 14:41:24+00:00,2023-01-17,14:41:24
Poupar pra Render | Temporada 2 | Episódio 4: Saiba como ter uma renda extra,zT5dDI-lImw,7838,91,4,2023-01-17 14:41:51+00:00,2023-01-17,14:41:51
Microssérie Open Finance Itaú - Episódio 4,BtO275jrPa8,2701,54,5,2023-01-20 13:56:38+00:00,2023-01-20,13:56:38
Consórcio Itaú: o que é?,fNHuHqW7Hac,50584,345,0,2023-01-27 17:18:05+00:00,2023-01-27,17:18:05
Consórcio Itaú: contrate direto no app Itaú,pcHpLHXBOGM,12780,102,0,2023-01-27 17:19:36+00:00,2023-01-27,17:19:36
Consórcio Itaú: contratei o meu e agora?,rWdNYfJ5RuM,16206,97,0,2023-01-27 17:22:38+00:00,2023-01-27,17:22:38
Consórcio Itaú: saiba tudo sobre o Lance,nyh3eFk2qq0,27200,192,0,2023-01-27 17:23:39+00:00,2023-01-27,17:23:39
Consórcio Itaú: o momento da contemplação,d5aJObMXF9M,17587,139,0,2023-01-27 17:24:34+00:00,2023-01-27,17:24:34
Combinaqui: O combinado não sai caro!,RvJZRfAhvz8,7234520,2247,27,2023-02-06 18:03:55+00:00,2023-02-06,18:03:55
Itaú Unibanco | Resultados Financeiros 4T22,agdwZceZA88,11650,177,5,2023-02-07 22:09:07+00:00,2023-02-07,22:09:07
Itaú Unibanco's Financial Results | 4Q2022,Rzg3YknBwKI,5938,97,12,2023-02-07 22:13:53+00:00,2023-02-07,22:13:53
ITUB4 - Resultados 4T22 - Itaú Unibanco,jYY2svRFIfg,11511,234,24,2023-02-08 14:57:58+00:00,2023-02-08,14:57:58
ITUB4 - 4Q22 Results - Itaú Unibanco,Z7wjdKVW5Zk,4251,54,3,2023-02-08 15:02:27+00:00,2023-02-08,15:02:27
Depósito de cheque,UsVqInKPP2w,10860,89,8,2023-02-09 12:15:12+00:00,2023-02-09,12:15:12
Depósito de cheque,HUERexBBmSg,24327,149,0,2023-02-09 12:21:58+00:00,2023-02-09,12:21:58
"Conheça a Passei Direto, maior plataforma de educação do Brasil | Itaú BBA Tech Talks #2",a8Bvlp-wu1w,842,26,0,2023-02-09 14:52:36+00:00,2023-02-09,14:52:36
Volanty: a grande inovação na compra e venda de carros usados | Itaú BBA Tech Talks #10,QRUGwO9J-zg,719,8,1,2023-02-09 14:54:13+00:00,2023-02-09,14:54:13
"Conheça o Valor Capital, fundo parceiro do SoftBank no Brasil | Itaú BBA Tech Talks #9",QJ95O0gwZt0,1484,17,2,2023-02-09 14:54:13+00:00,2023-02-09,14:54:13
Revolução no mercado de imóveis? Conheça a Yuca | Itaú BBA Tech Talks #7,L3kva92rYkc,905,13,1,2023-02-09 14:54:13+00:00,2023-02-09,14:54:13
Conheça Camilo Telles e a história da Antecipa | Itaú BBA Tech Talks #3,KeE7pVSHXuA,646,8,0,2023-02-09 14:54:13+00:00,2023-02-09,14:54:13
Solinftec: conheça a história da agtech | Itaú BBA Tech Talks,JxshP74qdMs,1366,20,2,2023-02-09 14:54:13+00:00,2023-02-09,14:54:13
"Conheça a Redpoint eVentures, parceira do Itaú no Cubo | Itaú BBA Tech Talks #8",DcgCPb7eGWE,548,5,1,2023-02-09 14:54:13+00:00,2023-02-09,14:54:13
Conheça a história da Antecipa | Itaú BBA Tech Talks #3,8etHWPgVoSE,834,7,1,2023-02-09 14:54:13+00:00,2023-02-09,14:54:13
Yuca: veja a íntegra da entrevista com o fundador Paulo Bichucher | Itaú BBA Tech Talks,U_4FK4O7zVE,1657,19,2,2023-02-09 14:54:13+00:00,2023-02-09,14:54:13
"BoBags, uma referência na economia compartilhada | Itaú BBA Tech Talks #6",GBt8ZI1cTVA,1440,12,0,2023-02-09 14:54:14+00:00,2023-02-09,14:54:14
Economia Verde: conheça o Green Innovation Group | Itaú BBA Tech Talks #5,FO9eDnacY5k,735,9,0,2023-02-09 14:54:14+00:00,2023-02-09,14:54:14
Como contestar uma compra feita com meu cartão de crédito?,0Up5ZAPPwaQ,53944,846,33,2023-02-09 19:06:04+00:00,2023-02-09,19:06:04
Seguro Empresarial: proteção para todo tipo de negócio!,-aCJ544FSkA,3842,43,0,2023-02-10 11:37:15+00:00,2023-02-10,11:37:15
Pronampe: Como contratar,B4EPROfP8hQ,33682,162,7,2023-02-10 17:51:54+00:00,2023-02-10,17:51:54
Autorregulação do Cheque Especial,RbRsKtAtCQo,9909,59,2,2023-02-15 12:25:51+00:00,2023-02-15,12:25:51
Beleza na Web: o crescimento e a parceria com o Itaú | Itaú BBA Tech Talks,K_LhlXI1Dc4,840,16,1,2023-02-15 13:18:39+00:00,2023-02-15,13:18:39
Locaweb: a trajetória da empresa de tecnologia e a decisão de fazer IPO | Itaú BBA TechTalks,s-qjV1zPSzg,1159,28,0,2023-02-15 13:19:15+00:00,2023-02-15,13:19:15
Itaú e você contra golpes e fraudes | Golpe da Troca do Cartão,IL3EnK39Zac,579414,37,1,2023-02-15 13:46:08+00:00,2023-02-15,13:46:08
Itaú e você contra golpes e fraudes | Golpe da Troca do Cartão,EWePhygyFG8,623129,199,8,2023-02-15 14:31:38+00:00,2023-02-15,14:31:38
Itaú e você contra golpes e fraudes | Golpe da troca do cartão,ZwMmTP_sjt8,6252,43,0,2023-02-15 15:27:25+00:00,2023-02-15,15:27:25
Ativação de Código de Restrição em aparelhos iPhone,FXkYKbzrQmo,20107,155,4,2023-02-15 18:19:32+00:00,2023-02-15,18:19:32
Itaú e você contra golpes e fraudes  | Golpe do Falso Funcionário,jIB7eE6sqWE,123707,490,33,2023-02-16 23:08:09+00:00,2023-02-16,23:08:09
Itaú e você contra golpes e fraudes  | Golpe do Falso Funcionário,6VFzRl_joHg,24706905,149,8,2023-02-16 23:23:56+00:00,2023-02-16,23:23:56
Itaú e você contra golpes e fraudes | Como se proteger do Golpe do Falso Funcionário,rcoqWPsdBFQ,62310,110,6,2023-02-16 23:36:01+00:00,2023-02-16,23:36:01
Microssérie Open Finance Itaú - Episódio 5,a0whwRo6D6Q,2126,48,3,2023-02-24 14:42:05+00:00,2023-02-24,14:42:05
Itaú e você contra golpes e fraudes | Como se proteger do Golpe da troca do cartão,TGio75EnfbU,6133,43,1,2023-02-24 21:01:57+00:00,2023-02-24,21:01:57
Itaú e você contra golpes e fraudes | Golpe da Troca do Cartão #ConteúdoAcessível,s6V8ZwRDRoQ,6799,40,3,2023-02-24 21:18:57+00:00,2023-02-24,21:18:57
Ep. 4 Especialistas Seguros | Seguro Empresarial,QKh1xUGYMOI,5351,85,0,2023-02-28 12:23:20+00:00,2023-02-28,12:23:20
Ep. 3 Especialistas Seguros | Seguro de Vida em Grupo: modalidades,WxOOpEt54Yg,3916,42,0,2023-02-28 12:23:24+00:00,2023-02-28,12:23:24
Ep. 2 Especialistas Seguros | Seguro de Vida em Grupo: benefícios,eQAs4B_9HXU,7210,65,0,2023-02-28 12:23:52+00:00,2023-02-28,12:23:52
Ep.1 Especialistas Seguros | Plano de Saúde,obgr6revDyg,19083,138,0,2023-02-28 12:24:14+00:00,2023-02-28,12:24:14
Itau Data Science Meetup #16 Introdução a AWS Data Analytics,-0TfuFikG9w,12697,90,0,2023-03-01 14:32:42+00:00,2023-03-01,14:32:42
"Itau Data Science Meetup #15 Dados, Ciência e Empreendorismo",t5rY3u_YPtE,58170,216,0,2023-03-01 14:38:21+00:00,2023-03-01,14:38:21
Parcelando o Pix: saiba como fazer,ZGtOrYLVLwU,51213,296,23,2023-03-01 17:39:36+00:00,2023-03-01,17:39:36
Itaú e você contra golpes e fraudes | Golpe do Falso Funcionário #ConteúdoAcessível,ccfLW6wdw-k,6487,59,5,2023-03-02 14:30:39+00:00,2023-03-02,14:30:39
Itaú e você contra golpes e fraudes. #conteúdoacessível,tHbB8Jvv35E,6772,50,1,2023-03-02 14:44:04+00:00,2023-03-02,14:44:04
Itaú e você contra golpes e fraudes. #conteúdoacessível,tLHYRiZsYlM,13649,64,1,2023-03-02 15:04:30+00:00,2023-03-02,15:04:30
"Ep. 4 | Open Insurance: E agora, o que preciso fazer?",_9N5LCQwcys,7610,40,0,2023-03-02 17:33:07+00:00,2023-03-02,17:33:07
Ep. 3 | Open Insurance: como o Itaú pode me ajudar?,zRhKYGiyjAU,4498,27,0,2023-03-02 17:35:53+00:00,2023-03-02,17:35:53
Ep. 1 | Open Insurance: Você sabe o que é?,NeOyARzoAMw,5854,37,0,2023-03-02 17:36:26+00:00,2023-03-02,17:36:26
Ep. 2 | Open Insurance: Os benefícios do OPIN e a LGPD,7omJsqxSbUI,7526,52,0,2023-03-02 17:36:45+00:00,2023-03-02,17:36:45
Microssérie Open Finance Itaú - Episódio 6,kU-P37_-LpE,10616,78,3,2023-03-24 17:58:51+00:00,2023-03-24,17:58:51
"Itau Data Science Meetup #17 Computação quântica: mitos,verdade e preparação para o futuro",JYULJ0bhgtw,11464,129,0,2023-04-03 14:07:46+00:00,2023-04-03,14:07:46
Quer falar sobre crédito? Conte com o Itaú.,X3b1vrW6m8U,4290693,206,10,2023-04-03 23:22:19+00:00,2023-04-03,23:22:19
BoleCode Itaú Empresas: código de barras e QR Code Pix no mesmo boleto,fBGJNID-IjA,34497,255,23,2023-04-04 18:10:54+00:00,2023-04-04,18:10:54
Itaú no The Town 2023.,4Fv3OxwBzY8,43849,226,15,2023-04-10 23:40:35+00:00,2023-04-10,23:40:35
Quer falar sobre crédito? Conte com o Itaú. #conteúdoacessível,SOtqMisVvDU,18709,113,4,2023-04-11 13:08:12+00:00,2023-04-11,13:08:12
Itaú Empresas: Faça Pix usando saldo de outros bancos,baKP6-qTSBk,10100,80,5,2023-04-13 18:51:35+00:00,2023-04-13,18:51:35
Itaú no The Town 2023 #conteúdoacessível,9wGrHJ2HxuM,20311,81,6,2023-04-14 18:11:33+00:00,2023-04-14,18:11:33
Reconstruindo Vidas,OTnQAozYRfM,58769,308,7,2023-04-14 19:00:04+00:00,2023-04-14,19:00:04
Empréstimo Pessoal Itaú - Tutorial,SRfv7dnIz8w,54979,347,18,2023-04-24 13:03:23+00:00,2023-04-24,13:03:23
Itaú Unibanco | Resultados Financeiros 1T23,1uq7s4TDJ5k,29892,234,9,2023-05-08 13:49:34+00:00,2023-05-08,13:49:34
Itau Data Science Meetup #18 Aumento de Dados para NLP,jnzX8nGNNAw,89210,270,0,2023-05-08 14:08:25+00:00,2023-05-08,14:08:25
ITUB4 - 1Q23 Results - Itaú Unibanco,YAQdTyYup30,17683,104,2,2023-05-08 15:44:07+00:00,2023-05-08,15:44:07
ITUB4 - Resultados 1T23 - Itaú Unibanco,-mYgTZTY00A,33898,298,17,2023-05-08 15:46:19+00:00,2023-05-08,15:46:19
Itaú Unibanco | Financial Results 1Q23,Sg4inr2AHk8,39406,237,11,2023-05-10 17:49:32+00:00,2023-05-10,17:49:32
Pague seus boletos com o Pix: conheça o BoleCode,W2qOHUxFibs,24272,157,11,2023-05-31 19:28:46+00:00,2023-05-31,19:28:46
Itau DS Meetup #19 Como utilizar o Terraform para aprimorar  aprendizado em serviço de Analytics AWS,rdphV7WeTdc,29156,184,0,2023-06-01 12:18:48+00:00,2023-06-01,12:18:48
Dica de Segurança | Ajuste o Limite de Transações no App Itaú,eQbzxS3VjGw,1097819,152,6,2023-06-07 20:10:31+00:00,2023-06-07,20:10:31
#Shorts | Reforce sua segurança com o Ajuste o Limite de Transações no App Itaú,Pkbk3AoE69k,1751441,263,4,2023-06-07 21:37:21+00:00,2023-06-07,21:37:21
Itaú Day 2023 – English version,YBnFSEm9aXY,38164,163,5,2023-06-15 15:37:07+00:00,2023-06-15,15:37:07
Itaú Day 2023,ryHSS2EB8Yc,212206,1263,50,2023-06-15 15:37:57+00:00,2023-06-15,15:37:57
Itaú Day 2023 - Libras e Closed Caption,p61_EgKg6ls,54144,217,5,2023-06-15 15:39:54+00:00,2023-06-15,15:39:54
Quer tranquilidade? Fale com o Itaú sobre Seguros.,XbzFS2o61zg,11560933,44801,117,2023-06-15 23:35:41+00:00,2023-06-15,23:35:41
Viva a vida segurado com o Seguro de Vida Itaú.,xffN64VN1NQ,13053049,123453,0,2023-06-23 19:23:26+00:00,2023-06-23,19:23:26
Quer tranquilidade? Fale com o Itaú sobre Seguros | #ConteúdoAcessível,oKMe-RWpzLA,37842,120,5,2023-06-27 12:42:54+00:00,2023-06-27,12:42:54
Convocação da Torcida Brasileira,Wi72zpFFWOg,10591963,3251,204,2023-06-27 23:36:38+00:00,2023-06-27,23:36:38
Intro | Juntos aprendemos em dobro,Eokm4Oswoyg,1082217,101,7,2023-06-29 17:56:16+00:00,2023-06-29,17:56:16
Itau Data Science Meetup #20 Do Pixel ao Big Picture: Explorando Visão Computacional,u-CNV_Wj9eg,104145,348,0,2023-07-03 18:00:57+00:00,2023-07-03,18:00:57
Promoção Vai de Itaú no The Town 2023,5VCvtJ4WbXQ,1579555,3219,70,2023-07-04 14:53:02+00:00,2023-07-04,14:53:02
Você sabia que existem vários tipos de Crédito para você?,eRdRgJxmYFE,1755271,162,6,2023-07-20 14:00:45+00:00,2023-07-20,14:00:45
#TorçoPorElas,TMeLsKwVNsE,3599332,2050,376,2023-07-24 18:10:27+00:00,2023-07-24,18:10:27
Itau Data Science Meetup #21 Jornada de Data Viz e Data Storytelling,2F9wg9boKls,3829,72,0,2023-08-02 19:14:04+00:00,2023-08-02,19:14:04
#MaisQueUmaCopa,FOcZJ0X_n6Y,6289731,170,26,2023-08-03 12:37:50+00:00,2023-08-03,12:37:50
Carreira de Produtos no Itaú | Como é ser PM no maior banco da América Latina?,vRHFHtDLXSQ,6260,78,5,2023-08-03 15:34:56+00:00,2023-08-03,15:34:56
É mais que uma Copa do Mundo.,8LFTqnVHNNE,355032,76,14,2023-08-04 19:29:47+00:00,2023-08-04,19:29:47
Itaú Unibanco | Resultados Financeiros 2T23,wtY-pNS3n_k,20043,182,10,2023-08-07 22:03:23+00:00,2023-08-07,22:03:23
Itaú Unibanco | Financial Resultados 2Q23,nDrXo8aKC5I,8614,124,5,2023-08-07 22:11:27+00:00,2023-08-07,22:11:27
ITUB4 - Resultados 2T23 - Itaú Unibanco,bzXetebYF8g,35325,258,8,2023-08-08 14:48:18+00:00,2023-08-08,14:48:18
ITUB4 - 2Q23 Results - Itaú Unibanco,NxQ1M4npue0,10160,80,1,2023-08-08 14:49:25+00:00,2023-08-08,14:49:25
Que tal contar com os benefícios da Folha de pagamentos?,z-_Nr4u6dpo,17176,112,4,2023-08-15 15:00:23+00:00,2023-08-15,15:00:23
Itaú e você contra golpes e fraudes | Golpe da Falsa Central,e8GoUIfX7Mc,11254735,172,10,2023-08-17 20:58:27+00:00,2023-08-17,20:58:27
Itaú Data Meetup 22 Python aplicado ao mercado financeiro,f0IC_IheVpU,18528,164,0,2023-08-24 14:10:01+00:00,2023-08-24,14:10:01
Folha de pagamentos: passo a passo para realizar pagamentos no App Itaú Empresas,1C3DbforgH8,13545,126,4,2023-09-04 18:00:55+00:00,2023-09-04,18:00:55
Abra sua conta corrente com recebimento de salário em poucos minutos,nX0AJZEazDk,141122,1148,54,2023-09-18 21:02:01+00:00,2023-09-18,21:02:01
Itaú e você contra golpes e fraudes. Fique atento.,LphT3OYAOZM,23723129,546,50,2023-09-21 13:13:01+00:00,2023-09-21,13:13:01
Proteção extra no cartão físico,LRHV-BFIVLo,5531738,98,6,2023-09-21 18:38:32+00:00,2023-09-21,18:38:32
"Se sentir leve, seguro. Isso é muito Itaú.",LD3vNROEkuE,3865837,2068,7,2023-09-27 12:14:25+00:00,2023-09-27,12:14:25
Pagar com a carteira digital com Itaú é muito mais seguro e fácil!,IwyRX79MhmY,2643719,1057,38,2023-09-27 12:34:15+00:00,2023-09-27,12:34:15
Golpes e Fraudes - Funcionalidades de Segurança para o seu Cartão de Crédito,KHyxIeYwytI,5642975,9093,10,2023-09-28 13:54:43+00:00,2023-09-28,13:54:43
Itaú Data Meetup #23 Mesa redonda: Mulheres em Dados,w4CJB5duIgw,17027,64,0,2023-09-29 21:12:08+00:00,2023-09-29,21:12:08
Itaú Uniclass. Pra você chegar lá.,6dCjFxnx6zY,26461274,6730,511,2023-10-03 00:16:21+00:00,2023-10-03,00:16:21
Itaú Uniclass. Marcos Mion e Sylvester Stallone,qntWs2TA80o,1651273,11459,804,2023-10-03 00:16:27+00:00,2023-10-03,00:16:27
Conheça o Link de Pagamento da Rede,vjA1yb8S208,45088,161,14,2023-10-03 13:33:03+00:00,2023-10-03,13:33:03
Ep.3 | O que importa pra você?  Seguro Residencial,EA_sZBwrTmk,24643,129,6,2023-10-03 17:35:01+00:00,2023-10-03,17:35:01
Ep. 2 | O que importa pra você? Seguro de Vida,CrgkpO2EMX0,22129,126,0,2023-10-03 17:35:24+00:00,2023-10-03,17:35:24
Ep.1 | O que importa pra você? Seguro Auto,OpZ6ajqp7jA,10863,40,0,2023-10-03 17:35:31+00:00,2023-10-03,17:35:31
Temporada 1: Especialistas Seguros | Seguro Residencial,sGdTVdFtqR8,14357,104,6,2023-10-03 21:10:13+00:00,2023-10-03,21:10:13
Itaú Uniclass. Pra você chegar lá.,0dYglIuJu_g,19994120,10556,555,2023-10-04 12:03:30+00:00,2023-10-04,12:03:30
Itaú Mulher Empreendedora | Festival RME 2023,wYiawmnNVLo,11859,67,4,2023-10-05 15:11:05+00:00,2023-10-05,15:11:05
Tudo que você precisa saber sobre o Crédito Imobiliário Itaú I Parte 2,-wWLYvj0tsc,11435,93,6,2023-10-06 23:33:05+00:00,2023-10-06,23:33:05
Você sabe o que é Cidadania Financeira?,fWmFvM_vjU4,3130615,14116,14,2023-10-09 22:31:31+00:00,2023-10-09,22:31:31
Organize suas finanças de um jeito simples. Veja como!,sJzbpaBSJvM,12498637,18166,2,2023-10-11 11:35:52+00:00,2023-10-11,11:35:52
Dicas para administrar o cartão de crédito,c_yN0ZK49Ak,6403854,3057,10,2023-10-11 11:51:41+00:00,2023-10-11,11:51:41
Se sentir despreocupada e segura. Isso é muito Itaú!,5z-FMucRBa0,355904,100,8,2023-10-16 12:41:19+00:00,2023-10-16,12:41:19
Itaú Uniclass. Pra você chegar lá. | #ConteúdoAcessível,VVqi-IM7tyc,39457,208,12,2023-10-23 19:16:29+00:00,2023-10-23,19:16:29
Itaú Uniclass. Marcos Mion e Sylvester Stallone| #ConteúdoAcessível,zoxZi8T22LI,24147,183,9,2023-10-23 19:16:38+00:00,2023-10-23,19:16:38
Itaú Uniclass. Pra você chegar lá. | #ConteúdoAcessível,Ke6yfM62ON8,9849,86,6,2023-10-23 19:16:43+00:00,2023-10-23,19:16:43
Segurança - Se proteja do Golpe da Maquininha,IabNAprYYZM,10939611,45,1,2023-10-24 13:15:28+00:00,2023-10-24,13:15:28
Conexão Itaú - Proposta de Valor,xjke-Amd_FE,4915,57,5,2023-10-24 21:30:32+00:00,2023-10-24,21:30:32
Conexão Itaú | Conexão Day 2023,caNSePQil7Y,4132,47,4,2023-10-24 21:36:44+00:00,2023-10-24,21:36:44
Itaú Uniclass. Conte com o banco que ajuda você a chegar lá.,ECt4EqNYS6o,4201624,2860,0,2023-10-26 18:51:13+00:00,2023-10-26,18:51:13
Reserva de Oportunidade,nvfRN5RqQ08,6369,75,6,2023-10-30 13:51:57+00:00,2023-10-30,13:51:57
Itaú Data Meetup #24 Mesa Redonda: Mulheres em dados - 2ª edição,6Yqgqvkz40M,4240,37,0,2023-11-01 14:29:15+00:00,2023-11-01,14:29:15
Dicas de Segurança para Compras Online,aC_NTsRx6gw,306993,91,0,2023-11-06 17:52:41+00:00,2023-11-06,17:52:41
Itaú Unibanco | Resultados Financeiros 3T23,rUcsIv6k850,11316,153,7,2023-11-06 21:41:47+00:00,2023-11-06,21:41:47
Itaú Unibanco | Financial Results 3Q23,8DHUK_ydWxA,4215,29,3,2023-11-07 14:45:07+00:00,2023-11-07,14:45:07
ITUB4 - Resultados 3T23 - Itaú Unibanco,NkKLDxXxzwI,27081,179,30,2023-11-07 15:07:11+00:00,2023-11-07,15:07:11
ITUB4 - 3Q23 Results - Itaú Unibanco,lPQnt-_K7qs,5770,47,1,2023-11-07 15:20:10+00:00,2023-11-07,15:20:10
Itaú Uniclass - Cartão Infinite sem anuidade.,WCAmgjaDvpY,2145963,59334,15,2023-11-14 13:21:33+00:00,2023-11-14,13:21:33
Segurança - Cuidado com o site falso: dicas de segurança na hora de comprar online,4mjhaRyOwak,14581601,83,4,2023-11-14 17:44:24+00:00,2023-11-14,17:44:24
Case de Sucesso Conexão Itaú + Softcom I Melhor jornada a receber,w1iGXtrcnAc,5004,66,5,2023-11-14 18:47:59+00:00,2023-11-14,18:47:59
Definindo metas e objetivos para 2024,7NY6P108NJ4,48717,63,2,2023-11-24 14:11:15+00:00,2023-11-24,14:11:15
Definindo metas para 2024,ORd9l2nAdKA,11817,113,2,2023-11-24 14:29:58+00:00,2023-11-24,14:29:58
Planejamento financeiro para 2024,YJkSfs8BelI,6918,81,1,2023-11-24 14:33:43+00:00,2023-11-24,14:33:43
Conheça o Aviso de Compra Futura,8szDS2X4ibA,819751,72,2,2023-11-24 14:56:13+00:00,2023-11-24,14:56:13
Apoio para conquistar seus sonhos? Conte com Itaú Uniclass.,4hHw7U0WfPM,1780777,1422,11,2023-11-27 17:12:33+00:00,2023-11-27,17:12:33
Itaú Data Meetup #25 Otimização,8OmpEYCVsCw,21832,82,0,2023-11-28 16:27:02+00:00,2023-11-28,16:27:02
Novo Limite da Conta: Ep 1,AC2lF-vjqho,11675,143,8,2023-11-29 12:56:00+00:00,2023-11-29,12:56:00
Itaú Data Meetup #26 Introdução à Computação Quântica,csAtWEDwlV8,35960,128,0,2023-11-29 20:21:41+00:00,2023-11-29,20:21:41
Itaú Data Meetup #27 Algoritmos Quânticos Híbridos,lCFWGzFeNUM,33719,93,0,2023-11-30 13:05:23+00:00,2023-11-30,13:05:23
Conteúdos para simplificar as finanças,F0WeKwmZDXU,2241,97,1,2023-11-30 19:24:45+00:00,2023-11-30,19:24:45
Caminhos para simplificar as finanças,nIXoVhtIPz8,2566,121,3,2023-11-30 19:25:50+00:00,2023-11-30,19:25:50
Caminhos para simplificar as finanças,LR9-ZdrCjI4,17622,65,9,2023-11-30 19:38:11+00:00,2023-11-30,19:38:11
Itaú Data Meetup #28 Hardwares Quânticos,AB50b3lJXms,65193,139,0,2023-12-01 17:08:30+00:00,2023-12-01,17:08:30
Evento Regional Itaú Empresas - Rio 2023,zdn2D_Xf_QU,26628,63,2,2023-12-05 14:41:43+00:00,2023-12-05,14:41:43
Segurança - Como bloquear seu cartão físico e cadastrar um cartão na carteira digital,okE_Ad6l0tA,7640619,65,4,2023-12-05 14:44:23+00:00,2023-12-05,14:44:23
Golpe da Maquininha,mYXfOuaWS4s,5942,59,0,2023-12-05 14:45:12+00:00,2023-12-05,14:45:12
Itaú e Manual do Mundo: a História do Cartão de Crédito,D9EeYqOp13I,22796168,56,5,2023-12-05 14:46:32+00:00,2023-12-05,14:46:32
Segurança - Oferta boa demais para ser verdade,myWfZ0yrnd4,12527271,58,1,2023-12-05 14:47:44+00:00,2023-12-05,14:47:44
O Itaú está de cara nova,lDBk5YGieho,31769147,28482,251,2023-12-06 23:25:55+00:00,2023-12-06,23:25:55
Tem novidade chegando,Hn6a_mZI2X4,1909775,7150,21,2023-12-07 01:05:35+00:00,2023-12-07,01:05:35
Bem-vindos aos próximos 100 anos,Kv7gA08ctDk,16558867,139600,668,2023-12-08 00:26:57+00:00,2023-12-08,00:26:57
Somos feitos de futuro,DNuaqMxFpXE,19362706,2675,8,2023-12-11 20:11:22+00:00,2023-12-11,20:11:22
Novo Limite da Conta - EP 2: Habilitação em um clique,OurO4NIg9oQ,9199,69,0,2023-12-11 20:53:01+00:00,2023-12-11,20:53:01
3 dicas para fazer suas compras online com mais segurança,DtRzVB4gHqo,7184,44,0,2023-12-12 21:04:27+00:00,2023-12-12,21:04:27
Itaú e Manual do Mundo - Você sabe o que é phishing?,svI4MXQO5VE,21460142,1374,33,2023-12-12 21:04:59+00:00,2023-12-12,21:04:59
Cartão de crédito como ferramenta para construção de um histórico positivo de crédito.,QBf7xQ40GTw,19616142,3007,2,2023-12-12 21:06:08+00:00,2023-12-12,21:06:08
5 dicas para usar o cartão de crédito de um jeito mais esperto,aW5ncb0VExA,13451202,49117,15,2023-12-12 21:06:35+00:00,2023-12-12,21:06:35
Itaú Data Meetup #29  Batalha de Dados Quantum | Cerimônia de Encerramento,eNCys8uVrAY,38011,59,0,2023-12-20 20:06:10+00:00,2023-12-20,20:06:10
Que seu 2024 seja feito de futuro,ZLM81Rmq480,30947528,261792,662,2023-12-20 20:41:48+00:00,2023-12-20,20:41:48
Case de Sucesso Conexão Itaú I POS Controle + Biscoitê,qRYJfy5Jkbo,31479,82,6,2023-12-21 13:36:36+00:00,2023-12-21,13:36:36
Imersão Conexão Itaú no Vale do Silício 2023,gWQM6H4n798,34062,63,2,2023-12-28 18:33:16+00:00,2023-12-28,18:33:16
Que seu 2024 seja feito de futuro #ConteúdoAcessível,Aw05pfMsXOE,41101,315,41,2023-12-29 17:58:41+00:00,2023-12-29,17:58:41
Bem-vindos aos próximos 100 anos,9qZ3Y94EbjE,5100287,31379,72,2024-01-05 17:48:50+00:00,2024-01-05,17:48:50
Novo Limite da Conta - EP 4: Uso do seu Limite,GxdaHFTv6dM,15010,114,5,2024-01-09 18:05:51+00:00,2024-01-09,18:05:51
Novo Limite da Conta - EP 5: Tudo que você precisa saber,vWuJYk9pyiQ,5320,104,3,2024-01-09 18:11:48+00:00,2024-01-09,18:11:48
Marta - Feito de futuro,HaHFuge8wwI,4373146,25029,8,2024-01-16 00:04:00+00:00,2024-01-16,00:04:00
Ronaldo – Feito de futuro,BSAIC8SpWvY,3022166,4474,107,2024-01-23 20:59:27+00:00,2024-01-23,20:59:27
Ser feito de futuro é não parar no primeiro obstáculo.,NWsLJebk0F8,487353,35555,5,2024-01-24 19:58:41+00:00,2024-01-24,19:58:41
"É sobre mudar o jogo, dentro e fora do campo.",OGdPhnxgfEo,153686,2213,2,2024-01-24 20:01:02+00:00,2024-01-24,20:01:02
Sempre buscar o seu melhor é ser feito de futuro. “Próximo take” 🎬,CiR7X5doI7M,266685,2591,2,2024-01-24 20:02:32+00:00,2024-01-24,20:02:32
Inspirar gerações não é pra qualquer um. Tem que ser feito de futuro.,lF7lL4x39rU,219046,11272,4,2024-01-24 20:04:00+00:00,2024-01-24,20:04:00
Ser feito de futuro é se reinventar quantas vezes for preciso.,S7v-VEtd57g,646761,30965,3,2024-01-24 20:10:24+00:00,2024-01-24,20:10:24
Ronaldo – Feito de futuro,B5K9DXpK9Vc,1777655,165,14,2024-01-26 12:53:31+00:00,2024-01-26,12:53:31
Comitiva Conexão Itaú na NRF 2024,kTd8xiD0Sb4,5925,53,3,2024-01-31 15:26:50+00:00,2024-01-31,15:26:50
Itaú Data Meetup #30 Otimização Bioinspirada com Algoritmo Genético,MiPgqJfpjPg,6148,42,0,2024-01-31 20:54:01+00:00,2024-01-31,20:54:01
Jorge Ben Jor – Feito de futuro,fnR4taSwXrk,178265,348,26,2024-02-02 19:22:12+00:00,2024-02-02,19:22:12
"“Salve, salve, o futuro!” – Jorge Ben Jorge",oajMqG3dwmc,36157,114,24,2024-02-02 19:23:56+00:00,2024-02-02,19:23:56
Ser feito de futuro é ser a tendência e a referência ao mesmo tempo.,kXRHL6Dr7uo,14382,3332,1,2024-02-02 23:17:35+00:00,2024-02-02,23:17:35
O tempo nunca passa do mesmo jeito para quem é feito de futuro.,nU_X7TOieh0,555628,137248,4,2024-02-02 23:18:56+00:00,2024-02-02,23:18:56
O futuro é a melodia que nenhuma geração é capaz de esquecer.,-QgJjkj5f5w,13584,2691,4,2024-02-02 23:20:13+00:00,2024-02-02,23:20:13
Itaú Unibanco | Financial Results 4Q23,XfBDOVE6-e0,5862,34,0,2024-02-05 21:45:20+00:00,2024-02-05,21:45:20
Itaú Unibanco | Resultados Financeiros 4T23,mzBNmY_CVw0,25469,238,11,2024-02-05 21:45:26+00:00,2024-02-05,21:45:26
ITUB4 - Resultados 4T23 - Itaú Unibanco,Tlox_lf9shc,19106,210,4,2024-02-06 14:51:03+00:00,2024-02-06,14:51:03
ITUB4 - 4Q23 Results - Itaú Unibanco,qC03vMdqcuM,4808,30,2,2024-02-06 14:51:29+00:00,2024-02-06,14:51:29
Dica de Segurança para esse carnaval,kNCWdmFsGB0,3714,178,4,2024-02-08 21:18:25+00:00,2024-02-08,21:18:25
Madonna - Feito de futuro,49mF3Sh3MF4,7647145,4859,702,2024-02-21 21:14:01+00:00,2024-02-21,21:14:01
"Por trás da conta | Bianca Andrade, Iberê Thenório e Ana Paula Xongani",WlsZD9xyse4,3594,71,5,2024-02-29 22:06:52+00:00,2024-02-29,22:06:52
Itaú Data Meetup #31  Inferência Causal sem Python,7CmnUIirJZk,3502,0,0,2024-03-04 14:28:08+00:00,2024-03-04,14:28:08
"SXSW 2024 | Entrevista com Dilma Campos, Head ESG - B&P Partners",2y-4svkKgUA,2131,52,3,2024-03-11 23:34:50+00:00,2024-03-11,23:34:50
"SXSW 2024 | Entrevista com Ronaldo Lemos, advogado e jornalista",Inm8QTIv1nM,2315,53,3,2024-03-12 23:21:13+00:00,2024-03-12,23:21:13
"SXSW 2024 | Entrevista com Angela Pinhati, Diretora de Sustentabilidade da Natura&Co (LATAM)",_GTNHtC32XI,2783,38,5,2024-03-13 23:49:34+00:00,2024-03-13,23:49:34
"SXSW 2024 | Entrevista com Nina Dragone, Meta",fUkbOaQfrt4,1938,41,0,2024-03-14 23:13:12+00:00,2024-03-14,23:13:12
"SXSW 2024 | Entrevista com Christiane Pelajo, jornalista e comunicadora",5YaGoaLbIKw,2536,60,7,2024-03-17 12:18:54+00:00,2024-03-17,12:18:54
Carlos Alcaraz - Feito de futuro,6G5vzNgWYNs,7621,86,6,2024-03-19 00:56:50+00:00,2024-03-19,00:56:50
É oficial. Ela vem.,-7JZ2VfnvwQ,117171,407,52,2024-03-21 19:03:12+00:00,2024-03-21,19:03:12
"""Eu sou feita de futuro"" - Madonna",EYfnp_Zftyg,4441857,1746,175,2024-03-25 21:55:53+00:00,2024-03-25,21:55:53
Itaú Data Meetup  #32 Capacitação de mulheres em Dados e Analytics,nVfhwxnEl6g,2899,40,0,2024-03-28 12:41:13+00:00,2024-03-28,12:41:13
Itaú apresenta Saques do Futuro,qr6uAAcUvEE,2451241,37847,10,2024-03-28 20:51:52+00:00,2024-03-28,20:51:52
Ingrid Silva - Feito de futuro,jl2Z2zfTyvw,8103493,81,11,2024-04-15 17:35:16+00:00,2024-04-15,17:35:16
Web Summit RIO | Bate-papo com Vanessa Sanches e Jader Rosa,gGKgBFsmU44,1317,25,1,2024-04-17 20:47:25+00:00,2024-04-17,20:47:25
Web Summit RIO | Bate-papo com Júlia de Luca e Carolina Nucci,X289arwVutk,1368,30,4,2024-04-18 18:59:05+00:00,2024-04-18,18:59:05
Web Summit RIO | Bate-papo com Paulo Costa e Thais Guerra,E0RxAc91aXQ,1120,23,4,2024-04-19 15:12:59+00:00,2024-04-19,15:12:59
Itaú apresenta: Um Encontro Feito de Futuro,mbt2A8OjxTE,4857928,101,12,2024-04-19 15:16:24+00:00,2024-04-19,15:16:24
Case de Sucesso Conexão Itaú I Procfit + Drogaleste,GLwRm-m02E8,3486,87,8,2024-05-02 19:32:03+00:00,2024-05-02,19:32:03
"Itaú Data Meetup #33 As Crônicas de RAG: O Retriver, o Chunk e o Gerador",abU1BeE0tNM,1931,0,0,2024-05-03 09:34:47+00:00,2024-05-03,09:34:47
Itaú Unibanco | Financial Results 1Q24,WOUWBm6wIAM,12169,61,2,2024-05-06 21:37:25+00:00,2024-05-06,21:37:25
Itaú Unibanco | Resultados Financeiros 1T24,-Nn2pnD4MqI,32330,276,9,2024-05-06 21:37:31+00:00,2024-05-06,21:37:31
ITUB4 - Resultados 1T24 - Itaú Unibanco,mJJgbdwl_Mc,7934,157,1,2024-05-07 15:05:11+00:00,2024-05-07,15:05:11
ITUB4 - 1Q24 Results - Itaú Unibanco,_spAr2hcfew,3058,31,0,2024-05-07 15:06:19+00:00,2024-05-07,15:06:19
Nova experiência digital no app Itaú Empresas,_QGvfgeLiik,18694,148,4,2024-05-08 21:32:48+00:00,2024-05-08,21:32:48
Novo Limite da Conta - EP 3: 5 dias sem juros,pGCGyUD-rQQ,3438,58,1,2024-05-09 14:30:56+00:00,2024-05-09,14:30:56
Conexão Itaú Experience 2024,46lPnBjbZ_o,6288,60,3,2024-05-09 20:54:05+00:00,2024-05-09,20:54:05
Conheça o Clube de Vinhos no Itaú Shop,gtPITB7XCV0,2994,42,2,2024-05-22 13:35:03+00:00,2024-05-22,13:35:03
"Crédito Imobiliário Itaú Uniclass - TR, Selic e variação de parcela? Entenda.",QidBMoYCBGU,7468,83,5,2024-05-23 14:20:53+00:00,2024-05-23,14:20:53
"Crédito Imobiliário Itaú - TR, Selic e variação de parcela? Entenda.",ol9tLXNCLHA,4319,75,0,2024-05-23 15:01:29+00:00,2024-05-23,15:01:29
Carreiras Itaú | Manifesto Varejo,61J32Pt1u78,7277,87,3,2024-05-23 19:16:49+00:00,2024-05-23,19:16:49
Carreiras que levam nossas soluções até os clientes | Itaú,k_62nV8whLc,3818,29,4,2024-05-23 20:52:26+00:00,2024-05-23,20:52:26
Carreiras que garantem a melhor experiência e visão integrada dos nossos clientes,1Kvovx4IZiA,10686,262,12,2024-05-24 21:30:09+00:00,2024-05-24,21:30:09
Carreiras que constroem soluções para nossos clientes,GmH5uhS5ukU,20384,270,8,2024-05-24 21:37:02+00:00,2024-05-24,21:37:02
Itaú Data Meetup #34 Mamães em dados,VzgFzBGV3oA,1653,19,0,2024-05-29 15:06:54+00:00,2024-05-29,15:06:54
Itaú Uniclass | Ter planos é bom. Realizar é Uniclass.,09Pq6-gaXlI,133249,323,24,2024-05-29 21:31:04+00:00,2024-05-29,21:31:04
Cashback em lojas parceiras | Itaú Shop,etJ1jad-Y8w,9176,70,6,2024-06-05 18:17:32+00:00,2024-06-05,18:17:32
Itaú Day 2024,7XkvvYP5-4M,60309,1231,48,2024-06-19 15:24:34+00:00,2024-06-19,15:24:34
Itaú Day 2024 - English version,xRP9N2jiJSY,5432,52,1,2024-06-19 15:31:22+00:00,2024-06-19,15:31:22
"Itaú Day 2024 - Acessibilidade (Libras, CC e audiodescrição)",QHbiAnf1msI,4620,50,0,2024-06-20 01:17:01+00:00,2024-06-20,01:17:01
Itaú Uniclass | Pra você chegar lá,-XdpzT6SZmw,7456920,172,14,2024-06-24 20:30:15+00:00,2024-06-24,20:30:15
Case de Sucesso Conexão Itaú | Nox Automação + Restaurante Dom Tugas,1TFcACqUb2U,44445,160,17,2024-06-25 14:58:44+00:00,2024-06-25,14:58:44
Itaú Data Meetup #35 Engenharia de Dados e Analytics: um papo sobre carreira,fxG8l-TyJGo,8195,95,0,2024-06-27 13:00:10+00:00,2024-06-27,13:00:10
Itaú Data Meetup #36 Carreira de Engenharia de Machine Learning,yWGCvNTakXU,5481,70,0,2024-06-28 19:19:39+00:00,2024-06-28,19:19:39
Cinderelas de Chuteira,tjFHSTZHUnY,6497,72,2,2024-07-13 00:35:36+00:00,2024-07-13,00:35:36
Conheça o Parcela Reduzida do Consórcio Itaú de Imóveis,q1L_YsdTgKo,17836,172,5,2024-07-15 15:25:53+00:00,2024-07-15,15:25:53
Segurança - Golpe do Pix,JUVdpBxxx0Y,125566,2336,59,2024-07-17 21:40:12+00:00,2024-07-17,21:40:12
Itaú 100 anos | Fernanda Montenegro,RfdsrdjndAk,7643902,174,18,2024-07-30 01:17:42+00:00,2024-07-30,01:17:42
Itaú Uniclass | Promoção Rock in Rio Forever,77uB287IGiU,1846727,692,11,2024-08-05 23:19:12+00:00,2024-08-05,23:19:12
Itaú Uniclass | Participe da promoção Rock in Rio Forever,h8oZ099GPX4,3021466,65,4,2024-08-06 13:43:45+00:00,2024-08-06,13:43:45
Itaú Unibanco | Resultados Financeiros 2T24,1p063Wg_pbQ,17207,245,10,2024-08-06 22:31:31+00:00,2024-08-06,22:31:31
ITUB4 - Resultados 2T24 - Itaú Unibanco,WaAzVGqZ_q4,7646,157,2,2024-08-07 14:57:58+00:00,2024-08-07,14:57:58
ITUB4 - 2Q24 Results - Itaú Unibanco,FcxXqjI9xS0,2314,23,0,2024-08-07 14:58:39+00:00,2024-08-07,14:58:39
Itaú Unibanco | Financial Results 2Q24,475WOTXdXe4,4992,67,8,2024-08-07 20:43:18+00:00,2024-08-07,20:43:18
Você conhece o Radar de Risco?,pamuaFGNpCc,9458,104,6,2024-08-14 13:59:39+00:00,2024-08-14,13:59:39
Itaú Uniclass | Participe da Promoção Rock in Rio Forever.,YRHqK18HzCI,6827673,335,15,2024-08-16 14:39:05+00:00,2024-08-16,14:39:05
Fernanda Montenegro lê Simone de Beauvoir no Parque Ibirapuera,9mK2xpAQF8E,34761,686,34,2024-08-22 13:21:59+00:00,2024-08-22,13:21:59
Trainee Itaú Unibanco 2025 – Conheça mais sobre as trilhas do programa,xyC9b4_Xy0Q,99143,2296,84,2024-08-27 22:54:58+00:00,2024-08-27,22:54:58
Itaú 100 anos I O futuro será feito de você,OYeqEAandM8,1005673,764,102,2024-09-27 21:32:43+00:00,2024-09-27,21:32:43
O Itaú Unibanco faz 100 anos e o futuro será feito com Mariana.,JtIpvKZz_10,332265,27635,4,2024-10-01 15:08:58+00:00,2024-10-01,15:08:58
Itaú Unibanco | Resultados Financeiros 3T24,06y1ldVJ9vQ,20702,181,11,2024-11-05 13:31:09+00:00,2024-11-05,13:31:09
Itaú Unibanco | Financial Results 3Q24,Fl1X6KUV-5U,9568,48,3,2024-11-05 17:55:42+00:00,2024-11-05,17:55:42
ITUB4 - Resultados 3T24 - Itaú Unibanco,98Vq8K5OYJo,15681,97,8,2024-11-05 19:38:16+00:00,2024-11-05,19:38:16
ITUB4 - 3Q24 Results - Itaú Unibanco,tVkPhzAhlmk,4654,16,1,2024-11-05 19:38:21+00:00,2024-11-05,19:38:21
conheça o iPhone pra Sempre,52RtG8ru9zk,9441,70,3,2024-11-07 15:16:21+00:00,2024-11-07,15:16:21
App Itaú | Parcelar Compras,XxaUsttoiAM,28524307,34654,22,2024-11-24 00:28:46+00:00,2024-11-24,00:28:46
App Itaú | Black Friday,MBMC-DCQu_I,511180,13217,2,2024-11-29 17:22:31+00:00,2024-11-29,17:22:31
App Itaú | Antecipe suas Parcelas,vj2gP7bAhUk,461081,14473,4,2024-12-03 20:08:53+00:00,2024-12-03,20:08:53
Feito para sua segurança.,W87a_4yza0I,596994,13430,1,2024-12-05 20:54:47+00:00,2024-12-05,20:54:47
Feito para sua comodidade.,kvWetTyFkn8,620877,14795,2,2024-12-05 20:58:25+00:00,2024-12-05,20:58:25
App Itaú | Antecipar Parcelas,VqWuz1E42AQ,882398,18898,0,2024-12-09 17:21:40+00:00,2024-12-09,17:21:40
App Itaú | Antecipar Parcelas,l2-cTaVNOeI,7012401,106,13,2024-12-09 17:25:02+00:00,2024-12-09,17:25:02
Como bloquear seu cartão no app Itaú?,G44Tbv37Zr8,4828,29,0,2024-12-11 14:00:16+00:00,2024-12-11,14:00:16
Como solicitar a 2ª via da fatura no WhatsApp?,Iq4PHmSbA6I,2019,60,1,2024-12-11 14:00:17+00:00,2024-12-11,14:00:17
Como antecipar as compras parceladas no app Itaú?,RUzPaJHS49w,7506,33,3,2024-12-11 14:00:28+00:00,2024-12-11,14:00:28
Como bloquear seu cartão no app Itaú?,hZ4llEvpgag,4287,104,0,2024-12-11 14:00:45+00:00,2024-12-11,14:00:45
Como parcelar compras à vista no app Itaú?,hgkqw1gJkWA,8534,29,1,2024-12-11 14:00:47+00:00,2024-12-11,14:00:47
Como parcelar compras à vista no app Itaú?,pSWZQf75hUo,4928,117,0,2024-12-11 14:00:53+00:00,2024-12-11,14:00:53
Como solicitar a 2ª via da fatura no WhatsApp?,ue8aV7m4Iqw,4794,36,4,2024-12-11 14:01:02+00:00,2024-12-11,14:01:02
Como antecipar as compras parceladas no app Itaú?,x-YvcITvsWQ,4065,91,5,2024-12-11 14:01:02+00:00,2024-12-11,14:01:02
Como fazer Pix copia e cola?,L9v9cFLC-QI,13936,52,2,2024-12-13 14:00:18+00:00,2024-12-13,14:00:18
Como fazer Pix com cartão de crédito?,RxnE43UIpTE,19396,305,19,2024-12-13 14:00:32+00:00,2024-12-13,14:00:32
Como fazer Pix com cartão de crédito?,bjh5Df1MxVA,19332,112,29,2024-12-13 14:00:39+00:00,2024-12-13,14:00:39
Como fazer Pix copia e cola?,jvdLTdtnxow,8932,168,2,2024-12-13 14:00:47+00:00,2024-12-13,14:00:47
Feito para sua comodidade.,9GFnjJVbA7w,169390,4964,3,2024-12-16 17:03:54+00:00,2024-12-16,17:03:54
Feito para te salvar do aperto.,8frMv_jxmng,358560,11618,0,2024-12-16 20:45:41+00:00,2024-12-16,20:45:41
Feito para seu limite não limitar seus benefícios.,z1fpCQlz79g,532084,12301,2,2024-12-16 20:47:29+00:00,2024-12-16,20:47:29
App Itaú | Antecipar Parcelas,XSZhPLJFIWo,2304715,99,2,2024-12-19 18:01:00+00:00,2024-12-19,18:01:00
Feliz 2025 - Itaú,h4oTCpLfdqs,31512189,5982,629,2024-12-19 20:20:56+00:00,2024-12-19,20:20:56
Feliz 2025 - Making of Itaú,_rJGVuUF3Is,5549547,454870,31,2024-12-19 20:32:21+00:00,2024-12-19,20:32:21
Conheça o Crédito com Garantia de Imóvel do Itaú,2Mm-i6Plloo,38571,128,9,2024-12-20 17:35:24+00:00,2024-12-20,17:35:24
Como acessar a área de cartões no app Itaú?,yWzrNg59QYk,9759,167,1,2024-12-20 19:13:37+00:00,2024-12-20,19:13:37
Como acessar a área de cartões no app Itaú?,ubieDuaVIpM,23774,71,1,2024-12-20 19:13:45+00:00,2024-12-20,19:13:45
Itaú deseja um feliz 2025!,oiGW5kxDKWc,9634689,2879,251,2024-12-23 16:46:19+00:00,2024-12-23,16:46:19
Itaú deseja um ótimo 2025!,MNvHaISdCzc,5444536,158,18,2024-12-26 14:41:14+00:00,2024-12-26,14:41:14
Crédito com Garantia de Imóvel - História da Magali,eF1RQoonU2M,8040,45,0,2024-12-26 17:23:01+00:00,2024-12-26,17:23:01
Crédito com Garantia de Imóvel - História Eduardo,BCj7QK7JnVU,7933,45,2,2024-12-26 17:24:50+00:00,2024-12-26,17:24:50
Crédito com Garantia de Imóvel - História Juliane,ZJDfR5HcWgI,4871,28,11,2024-12-26 17:26:46+00:00,2024-12-26,17:26:46
Crédito com Garantia de Imóvel - História Vanessa,-DKgSxqP2YQ,19244,102,3,2024-12-26 17:28:22+00:00,2024-12-26,17:28:22
Como simular compras futuras?,1i7SC8rXClk,5590,27,4,2024-12-27 13:48:51+00:00,2024-12-27,13:48:51
Como simular compras futuras?,XohCzi5JqeQ,2215,72,3,2024-12-27 13:53:04+00:00,2024-12-27,13:53:04
Como comprar no Itaú Shop?,ZCnVVvnLAWc,1466,33,0,2025-01-02 14:00:26+00:00,2025-01-02,14:00:26
Como comprar no Itaú Shop?,eiKEhwPUGY0,2925,40,6,2025-01-02 14:00:38+00:00,2025-01-02,14:00:38
"Parabéns, Fernanda!",iMuRbyK0UBQ,3485,439,19,2025-01-06 14:15:20+00:00,2025-01-06,14:15:20
Dólar em Espécie,NlT2Hnff05s,30491,4969,0,2025-01-07 19:52:47+00:00,2025-01-07,19:52:47
Como guardar dinheiro no app Itaú?,9c-fAG0HHYs,1797,40,1,2025-01-27 19:57:47+00:00,2025-01-27,19:57:47
Por que 100% do CDI rende mais que a Poupança?,l2LUNS4wf2c,4433,64,4,2025-01-27 19:57:51+00:00,2025-01-27,19:57:51
App Itaú | Cofrinhos,LwUtlD18NwM,206589,35926,3,2025-01-29 18:25:05+00:00,2025-01-29,18:25:05
App Itaú | Cofrinhos,WjSy03I0VPg,259667,22462,4,2025-01-29 20:52:10+00:00,2025-01-29,20:52:10
Cofrinhos Itaú,nLfsTJsTK6I,1770442,82,5,2025-01-31 22:35:40+00:00,2025-01-31,22:35:40
